file name, index, score
train_medical_sample, 25, 0.013394
train_medical_sample, 272, 0.010017
train_medical_sample, 817, 0.009549
train_medical_sample, 31, 0.007871
train_medical_sample, 1430, 0.007746
train_medical_sample, 81, 0.006488
train_medical_sample, 1104, 0.006106
train_medical_sample, 1055, 0.005235
train_medical_sample, 747, 0.004749
train_medical_sample, 623, 0.004384
train_medical_sample, 13, 0.003678
train_medical_sample, 147, 0.003248
train_medical_sample, 1067, 0.002981
train_medical_sample, 137, 0.000994
train_medical_sample, 282, 0.000909
train_medical_sample, 522, 0.000706
train_medical_sample, 1334, 0.000688
train_medical_sample, 30, 0.000468
train_medical_sample, 1938, 0.000443
train_medical_sample, 2, 0.000413
train_medical_sample, 993, 0.000394
train_medical_sample, 85, -0.000491
train_medical_sample, 34, -0.001262
train_medical_sample, 35, -0.001663
train_medical_sample, 59, -0.00172
train_medical_sample, 1957, -0.001911
train_medical_sample, 1984, -0.002388
train_medical_sample, 629, -0.002475
train_medical_sample, 670, -0.002515
train_medical_sample, 342, -0.00281
train_medical_sample, 672, -0.002942
train_medical_sample, 45, -0.003413
train_medical_sample, 1441, -0.003461
train_medical_sample, 72, -0.003675
train_medical_sample, 300, -0.003725
train_medical_sample, 91, -0.004062
train_medical_sample, 80, -0.004084
train_medical_sample, 1940, -0.004114
train_medical_sample, 568, -0.004417
train_medical_sample, 904, -0.004572
train_medical_sample, 1725, -0.004642
train_medical_sample, 1077, -0.004711
train_medical_sample, 302, -0.004809
train_medical_sample, 2024, -0.004964
train_medical_sample, 1220, -0.005204
train_medical_sample, 1549, -0.005242
train_medical_sample, 1992, -0.00536
train_medical_sample, 1110, -0.005435
train_medical_sample, 687, -0.005571
train_medical_sample, 9, -0.005619
train_medical_sample, 1752, -0.005657
train_medical_sample, 1927, -0.005822
train_medical_sample, 42, -0.005912
train_medical_sample, 527, -0.006086
train_medical_sample, 477, -0.006106
train_medical_sample, 55, -0.006134
train_medical_sample, 1270, -0.006281
train_medical_sample, 373, -0.006293
train_medical_sample, 427, -0.006386
train_medical_sample, 1783, -0.006413
train_medical_sample, 1208, -0.00642
train_medical_sample, 1109, -0.006523
train_medical_sample, 37, -0.006732
train_medical_sample, 1884, -0.006763
train_medical_sample, 564, -0.006899
train_medical_sample, 1467, -0.006994
train_medical_sample, 53, -0.007007
train_medical_sample, 66, -0.007032
train_medical_sample, 469, -0.007076
train_medical_sample, 271, -0.00726
train_medical_sample, 901, -0.007282
train_medical_sample, 1019, -0.007307
train_medical_sample, 1997, -0.007315
train_medical_sample, 766, -0.007425
train_medical_sample, 557, -0.007433
train_medical_sample, 14, -0.007492
train_medical_sample, 1026, -0.00757
train_medical_sample, 864, -0.007613
train_medical_sample, 658, -0.007641
train_medical_sample, 201, -0.007717
train_medical_sample, 167, -0.007832
train_medical_sample, 312, -0.007843
train_medical_sample, 500, -0.00791
train_medical_sample, 1854, -0.007972
train_medical_sample, 1333, -0.007995
train_medical_sample, 1391, -0.008
train_medical_sample, 44, -0.008002
train_medical_sample, 265, -0.008007
train_medical_sample, 253, -0.008066
train_medical_sample, 1824, -0.008081
train_medical_sample, 65, -0.008145
train_medical_sample, 1486, -0.008173
train_medical_sample, 1887, -0.008201
train_medical_sample, 380, -0.008232
train_medical_sample, 142, -0.00826
train_medical_sample, 36, -0.008281
train_medical_sample, 17, -0.008286
train_medical_sample, 417, -0.008465
train_medical_sample, 40, -0.00851
train_medical_sample, 551, -0.008525
train_medical_sample, 1944, -0.008569
train_medical_sample, 1739, -0.008609
train_medical_sample, 244, -0.008625
train_medical_sample, 991, -0.008645
train_medical_sample, 566, -0.008731
train_medical_sample, 915, -0.008783
train_medical_sample, 344, -0.008846
train_medical_sample, 916, -0.008936
train_medical_sample, 1369, -0.008951
train_medical_sample, 0, -0.008966
train_medical_sample, 1417, -0.008977
train_medical_sample, 288, -0.009115
train_medical_sample, 585, -0.009132
train_medical_sample, 1802, -0.009155
train_medical_sample, 228, -0.00921
train_medical_sample, 192, -0.00924
train_medical_sample, 15, -0.009272
train_medical_sample, 1453, -0.009308
train_medical_sample, 1936, -0.009334
train_medical_sample, 1216, -0.009382
train_medical_sample, 1196, -0.009452
train_medical_sample, 1081, -0.009468
train_medical_sample, 562, -0.00949
train_medical_sample, 1492, -0.009518
train_medical_sample, 955, -0.009539
train_medical_sample, 1354, -0.009595
train_medical_sample, 1943, -0.0096
train_medical_sample, 930, -0.009617
train_medical_sample, 101, -0.009688
train_medical_sample, 1616, -0.009692
train_medical_sample, 1605, -0.009776
train_medical_sample, 1793, -0.009797
train_medical_sample, 60, -0.009859
train_medical_sample, 73, -0.009869
train_medical_sample, 1159, -0.0099
train_medical_sample, 696, -0.009915
train_medical_sample, 1313, -0.01002
train_medical_sample, 149, -0.010041
train_medical_sample, 2021, -0.010054
train_medical_sample, 690, -0.010099
train_medical_sample, 1411, -0.010106
train_medical_sample, 1654, -0.010111
train_medical_sample, 57, -0.010123
train_medical_sample, 386, -0.01022
train_medical_sample, 193, -0.010278
train_medical_sample, 983, -0.010287
train_medical_sample, 762, -0.010287
train_medical_sample, 26, -0.010288
train_medical_sample, 7, -0.010295
train_medical_sample, 131, -0.010362
train_medical_sample, 1525, -0.010396
train_medical_sample, 1286, -0.010439
train_medical_sample, 678, -0.010447
train_medical_sample, 1979, -0.010497
train_medical_sample, 1635, -0.01051
train_medical_sample, 1959, -0.010517
train_medical_sample, 1137, -0.010583
train_medical_sample, 3, -0.010657
train_medical_sample, 2046, -0.010671
train_medical_sample, 97, -0.010682
train_medical_sample, 580, -0.010699
train_medical_sample, 1848, -0.010701
train_medical_sample, 1241, -0.01074
train_medical_sample, 98, -0.010837
train_medical_sample, 29, -0.010893
train_medical_sample, 1445, -0.010938
train_medical_sample, 68, -0.010975
train_medical_sample, 39, -0.011082
train_medical_sample, 166, -0.011117
train_medical_sample, 1126, -0.011122
train_medical_sample, 1582, -0.011132
train_medical_sample, 350, -0.011149
train_medical_sample, 1716, -0.011215
train_medical_sample, 88, -0.011228
train_medical_sample, 414, -0.011235
train_medical_sample, 1084, -0.011251
train_medical_sample, 327, -0.011374
train_medical_sample, 99, -0.01138
train_medical_sample, 1172, -0.011446
train_medical_sample, 951, -0.011504
train_medical_sample, 314, -0.0116
train_medical_sample, 889, -0.011602
train_medical_sample, 630, -0.011602
train_medical_sample, 1280, -0.011642
train_medical_sample, 366, -0.011646
train_medical_sample, 812, -0.011674
train_medical_sample, 1, -0.011754
train_medical_sample, 1432, -0.011797
train_medical_sample, 836, -0.011825
train_medical_sample, 921, -0.011827
train_medical_sample, 1942, -0.011842
train_medical_sample, 538, -0.011905
train_medical_sample, 781, -0.011943
train_medical_sample, 1076, -0.011969
train_medical_sample, 1091, -0.012011
train_medical_sample, 736, -0.012052
train_medical_sample, 230, -0.012062
train_medical_sample, 1235, -0.012081
train_medical_sample, 924, -0.012134
train_medical_sample, 1640, -0.012179
train_medical_sample, 886, -0.012185
train_medical_sample, 796, -0.012199
train_medical_sample, 94, -0.012268
train_medical_sample, 152, -0.012299
train_medical_sample, 1265, -0.012387
train_medical_sample, 574, -0.012408
train_medical_sample, 78, -0.012414
train_medical_sample, 401, -0.012442
train_medical_sample, 79, -0.012502
train_medical_sample, 445, -0.012506
train_medical_sample, 1419, -0.012569
train_medical_sample, 86, -0.012599
train_medical_sample, 2008, -0.012696
train_medical_sample, 404, -0.012736
train_medical_sample, 654, -0.012832
train_medical_sample, 285, -0.012856
train_medical_sample, 284, -0.012861
train_medical_sample, 918, -0.012871
train_medical_sample, 336, -0.012876
train_medical_sample, 1879, -0.012898
train_medical_sample, 443, -0.012913
train_medical_sample, 1022, -0.012943
train_medical_sample, 1021, -0.012945
train_medical_sample, 1885, -0.012976
train_medical_sample, 379, -0.012977
train_medical_sample, 1403, -0.012988
train_medical_sample, 374, -0.012997
train_medical_sample, 1966, -0.013005
train_medical_sample, 74, -0.013009
train_medical_sample, 1741, -0.01301
train_medical_sample, 934, -0.013034
train_medical_sample, 1723, -0.013038
train_medical_sample, 1698, -0.013048
train_medical_sample, 487, -0.013049
train_medical_sample, 1393, -0.013121
train_medical_sample, 318, -0.013135
train_medical_sample, 1826, -0.013155
train_medical_sample, 661, -0.013194
train_medical_sample, 294, -0.0132
train_medical_sample, 1919, -0.013215
train_medical_sample, 1206, -0.013228
train_medical_sample, 643, -0.013232
train_medical_sample, 682, -0.013233
train_medical_sample, 1374, -0.013259
train_medical_sample, 508, -0.013315
train_medical_sample, 611, -0.013385
train_medical_sample, 440, -0.013391
train_medical_sample, 1294, -0.013401
train_medical_sample, 345, -0.013463
train_medical_sample, 1481, -0.01348
train_medical_sample, 1795, -0.01348
train_medical_sample, 808, -0.013494
train_medical_sample, 728, -0.013505
train_medical_sample, 50, -0.013532
train_medical_sample, 1005, -0.013565
train_medical_sample, 1321, -0.013576
train_medical_sample, 1149, -0.013587
train_medical_sample, 23, -0.013596
train_medical_sample, 1051, -0.013617
train_medical_sample, 146, -0.013629
train_medical_sample, 1292, -0.013643
train_medical_sample, 446, -0.013662
train_medical_sample, 400, -0.013689
train_medical_sample, 1558, -0.013706
train_medical_sample, 1813, -0.013755
train_medical_sample, 1282, -0.013774
train_medical_sample, 360, -0.013809
train_medical_sample, 421, -0.013822
train_medical_sample, 56, -0.013831
train_medical_sample, 744, -0.013853
train_medical_sample, 2047, -0.013874
train_medical_sample, 1198, -0.01388
train_medical_sample, 976, -0.013884
train_medical_sample, 561, -0.013893
train_medical_sample, 942, -0.013904
train_medical_sample, 1800, -0.013933
train_medical_sample, 1085, -0.013981
train_medical_sample, 1538, -0.013999
train_medical_sample, 1880, -0.014007
train_medical_sample, 1421, -0.014027
train_medical_sample, 1646, -0.014053
train_medical_sample, 389, -0.014055
train_medical_sample, 1941, -0.014109
train_medical_sample, 1306, -0.01412
train_medical_sample, 820, -0.014129
train_medical_sample, 1080, -0.014137
train_medical_sample, 1218, -0.014184
train_medical_sample, 141, -0.014209
train_medical_sample, 841, -0.014209
train_medical_sample, 1189, -0.014216
train_medical_sample, 739, -0.01422
train_medical_sample, 153, -0.014225
train_medical_sample, 2056, -0.01427
train_medical_sample, 969, -0.014282
train_medical_sample, 1259, -0.014282
train_medical_sample, 2062, -0.014312
train_medical_sample, 394, -0.014358
train_medical_sample, 203, -0.01436
train_medical_sample, 749, -0.014386
train_medical_sample, 1096, -0.014409
train_medical_sample, 1790, -0.01443
train_medical_sample, 1366, -0.014465
train_medical_sample, 1545, -0.014496
train_medical_sample, 174, -0.014521
train_medical_sample, 1133, -0.014547
train_medical_sample, 671, -0.01456
train_medical_sample, 1649, -0.014565
train_medical_sample, 2022, -0.014569
train_medical_sample, 1770, -0.014605
train_medical_sample, 1906, -0.014616
train_medical_sample, 232, -0.014624
train_medical_sample, 216, -0.014642
train_medical_sample, 1388, -0.01467
train_medical_sample, 659, -0.01468
train_medical_sample, 1925, -0.014691
train_medical_sample, 752, -0.014699
train_medical_sample, 505, -0.014707
train_medical_sample, 1170, -0.014729
train_medical_sample, 753, -0.014737
train_medical_sample, 1697, -0.014767
train_medical_sample, 1074, -0.014781
train_medical_sample, 444, -0.014786
train_medical_sample, 879, -0.014819
train_medical_sample, 1358, -0.014824
train_medical_sample, 83, -0.014842
train_medical_sample, 2059, -0.014893
train_medical_sample, 862, -0.014899
train_medical_sample, 809, -0.014915
train_medical_sample, 1355, -0.014919
train_medical_sample, 1687, -0.014926
train_medical_sample, 615, -0.014963
train_medical_sample, 319, -0.014973
train_medical_sample, 441, -0.01502
train_medical_sample, 748, -0.015025
train_medical_sample, 1488, -0.015033
train_medical_sample, 1511, -0.015066
train_medical_sample, 1767, -0.015068
train_medical_sample, 1385, -0.015084
train_medical_sample, 308, -0.015112
train_medical_sample, 1777, -0.015188
train_medical_sample, 1585, -0.015196
train_medical_sample, 792, -0.015221
train_medical_sample, 1145, -0.015241
train_medical_sample, 759, -0.01525
train_medical_sample, 822, -0.015284
train_medical_sample, 1215, -0.015295
train_medical_sample, 850, -0.01533
train_medical_sample, 163, -0.015358
train_medical_sample, 1949, -0.015416
train_medical_sample, 1064, -0.015416
train_medical_sample, 1367, -0.015424
train_medical_sample, 1794, -0.015426
train_medical_sample, 62, -0.015492
train_medical_sample, 938, -0.015502
train_medical_sample, 1229, -0.015511
train_medical_sample, 277, -0.01552
train_medical_sample, 1148, -0.015526
train_medical_sample, 1099, -0.015538
train_medical_sample, 1825, -0.015553
train_medical_sample, 1233, -0.015567
train_medical_sample, 1065, -0.015569
train_medical_sample, 1820, -0.015594
train_medical_sample, 1353, -0.015595
train_medical_sample, 1351, -0.015595
train_medical_sample, 117, -0.015617
train_medical_sample, 1730, -0.015626
train_medical_sample, 351, -0.015647
train_medical_sample, 89, -0.015656
train_medical_sample, 1905, -0.015656
train_medical_sample, 770, -0.015688
train_medical_sample, 390, -0.01569
train_medical_sample, 699, -0.015709
train_medical_sample, 2045, -0.015724
train_medical_sample, 807, -0.015724
train_medical_sample, 359, -0.015764
train_medical_sample, 1171, -0.015774
train_medical_sample, 354, -0.015777
train_medical_sample, 1622, -0.015789
train_medical_sample, 1580, -0.01579
train_medical_sample, 4, -0.015814
train_medical_sample, 494, -0.015838
train_medical_sample, 773, -0.015857
train_medical_sample, 212, -0.015887
train_medical_sample, 721, -0.015904
train_medical_sample, 324, -0.015919
train_medical_sample, 1651, -0.015957
train_medical_sample, 214, -0.01596
train_medical_sample, 382, -0.015964
train_medical_sample, 1402, -0.015977
train_medical_sample, 1581, -0.015979
train_medical_sample, 1898, -0.015986
train_medical_sample, 997, -0.015993
train_medical_sample, 1471, -0.016006
train_medical_sample, 381, -0.016006
train_medical_sample, 534, -0.016011
train_medical_sample, 1576, -0.016023
train_medical_sample, 1675, -0.016029
train_medical_sample, 496, -0.016045
train_medical_sample, 987, -0.016046
train_medical_sample, 1836, -0.016054
train_medical_sample, 994, -0.016077
train_medical_sample, 743, -0.01608
train_medical_sample, 1804, -0.016092
train_medical_sample, 1475, -0.016101
train_medical_sample, 1963, -0.016114
train_medical_sample, 497, -0.016119
train_medical_sample, 1129, -0.016131
train_medical_sample, 1653, -0.016133
train_medical_sample, 1002, -0.016137
train_medical_sample, 259, -0.016184
train_medical_sample, 1452, -0.016188
train_medical_sample, 550, -0.016208
train_medical_sample, 264, -0.016211
train_medical_sample, 309, -0.016216
train_medical_sample, 1908, -0.016232
train_medical_sample, 724, -0.016238
train_medical_sample, 1181, -0.01625
train_medical_sample, 1416, -0.016253
train_medical_sample, 21, -0.016269
train_medical_sample, 1831, -0.016299
train_medical_sample, 1072, -0.016313
train_medical_sample, 657, -0.016315
train_medical_sample, 187, -0.016337
train_medical_sample, 22, -0.016376
train_medical_sample, 51, -0.016387
train_medical_sample, 2003, -0.016392
train_medical_sample, 1937, -0.016401
train_medical_sample, 1047, -0.01642
train_medical_sample, 880, -0.016435
train_medical_sample, 1985, -0.016437
train_medical_sample, 170, -0.016438
train_medical_sample, 408, -0.016439
train_medical_sample, 2019, -0.016457
train_medical_sample, 1644, -0.016458
train_medical_sample, 96, -0.016466
train_medical_sample, 121, -0.016487
train_medical_sample, 529, -0.0165
train_medical_sample, 1271, -0.016501
train_medical_sample, 338, -0.016508
train_medical_sample, 151, -0.016514
train_medical_sample, 698, -0.016522
train_medical_sample, 504, -0.016523
train_medical_sample, 799, -0.016525
train_medical_sample, 397, -0.016535
train_medical_sample, 348, -0.016537
train_medical_sample, 2060, -0.016561
train_medical_sample, 588, -0.016574
train_medical_sample, 947, -0.016594
train_medical_sample, 1144, -0.01662
train_medical_sample, 2016, -0.016694
train_medical_sample, 256, -0.016726
train_medical_sample, 2007, -0.016727
train_medical_sample, 27, -0.016732
train_medical_sample, 1330, -0.016746
train_medical_sample, 413, -0.016758
train_medical_sample, 1439, -0.016766
train_medical_sample, 1586, -0.016766
train_medical_sample, 1809, -0.016811
train_medical_sample, 1608, -0.016811
train_medical_sample, 1843, -0.016819
train_medical_sample, 1598, -0.016826
train_medical_sample, 310, -0.016861
train_medical_sample, 1027, -0.016876
train_medical_sample, 863, -0.016879
train_medical_sample, 813, -0.016946
train_medical_sample, 663, -0.016965
train_medical_sample, 1574, -0.016966
train_medical_sample, 1954, -0.016967
train_medical_sample, 123, -0.016995
train_medical_sample, 1299, -0.016998
train_medical_sample, 276, -0.017006
train_medical_sample, 46, -0.017008
train_medical_sample, 1365, -0.01702
train_medical_sample, 1956, -0.017034
train_medical_sample, 905, -0.017035
train_medical_sample, 958, -0.017035
train_medical_sample, 712, -0.017042
train_medical_sample, 1242, -0.01705
train_medical_sample, 1465, -0.017051
train_medical_sample, 1150, -0.017053
train_medical_sample, 1169, -0.017072
train_medical_sample, 1554, -0.01708
train_medical_sample, 28, -0.017101
train_medical_sample, 1151, -0.017102
train_medical_sample, 1336, -0.017108
train_medical_sample, 1589, -0.017118
train_medical_sample, 1970, -0.017136
train_medical_sample, 1965, -0.017186
train_medical_sample, 339, -0.017192
train_medical_sample, 1546, -0.017211
train_medical_sample, 819, -0.017233
train_medical_sample, 1038, -0.017236
train_medical_sample, 243, -0.017265
train_medical_sample, 290, -0.017266
train_medical_sample, 1658, -0.017302
train_medical_sample, 1569, -0.017313
train_medical_sample, 649, -0.017316
train_medical_sample, 830, -0.017342
train_medical_sample, 206, -0.017365
train_medical_sample, 598, -0.017375
train_medical_sample, 1125, -0.017387
train_medical_sample, 84, -0.017389
train_medical_sample, 1187, -0.017396
train_medical_sample, 343, -0.017398
train_medical_sample, 313, -0.017404
train_medical_sample, 1087, -0.01741
train_medical_sample, 1203, -0.01741
train_medical_sample, 1832, -0.017422
train_medical_sample, 1138, -0.017422
train_medical_sample, 177, -0.01746
train_medical_sample, 878, -0.01747
train_medical_sample, 64, -0.017474
train_medical_sample, 826, -0.017483
train_medical_sample, 731, -0.01749
train_medical_sample, 760, -0.017492
train_medical_sample, 1693, -0.017492
train_medical_sample, 1883, -0.017531
train_medical_sample, 419, -0.017551
train_medical_sample, 1184, -0.017552
train_medical_sample, 756, -0.017554
train_medical_sample, 1571, -0.017555
train_medical_sample, 1613, -0.017561
train_medical_sample, 839, -0.017573
train_medical_sample, 1863, -0.017578
train_medical_sample, 1371, -0.017603
train_medical_sample, 1781, -0.017629
train_medical_sample, 77, -0.017663
train_medical_sample, 1910, -0.017669
train_medical_sample, 295, -0.01767
train_medical_sample, 237, -0.017676
train_medical_sample, 208, -0.017723
train_medical_sample, 418, -0.017728
train_medical_sample, 424, -0.017729
train_medical_sample, 1484, -0.017733
train_medical_sample, 681, -0.017741
train_medical_sample, 2051, -0.017741
train_medical_sample, 1672, -0.017743
train_medical_sample, 1533, -0.017754
train_medical_sample, 384, -0.017756
train_medical_sample, 2053, -0.017765
train_medical_sample, 1437, -0.017769
train_medical_sample, 458, -0.017776
train_medical_sample, 2042, -0.017785
train_medical_sample, 281, -0.017789
train_medical_sample, 1132, -0.01779
train_medical_sample, 761, -0.017794
train_medical_sample, 251, -0.017801
train_medical_sample, 1339, -0.017807
train_medical_sample, 1178, -0.01782
train_medical_sample, 1775, -0.017825
train_medical_sample, 1641, -0.017825
train_medical_sample, 498, -0.017853
train_medical_sample, 423, -0.017876
train_medical_sample, 1572, -0.017884
train_medical_sample, 197, -0.017914
train_medical_sample, 1508, -0.017934
train_medical_sample, 1378, -0.017947
train_medical_sample, 662, -0.017954
train_medical_sample, 159, -0.017962
train_medical_sample, 632, -0.017962
train_medical_sample, 1633, -0.017963
train_medical_sample, 1595, -0.017967
train_medical_sample, 516, -0.01798
train_medical_sample, 1704, -0.017996
train_medical_sample, 299, -0.018004
train_medical_sample, 910, -0.018009
train_medical_sample, 859, -0.01801
train_medical_sample, 38, -0.018023
train_medical_sample, 595, -0.018024
train_medical_sample, 848, -0.018025
train_medical_sample, 1866, -0.018054
train_medical_sample, 1812, -0.018064
train_medical_sample, 1655, -0.018069
train_medical_sample, 16, -0.0181
train_medical_sample, 61, -0.018106
train_medical_sample, 1400, -0.018109
train_medical_sample, 412, -0.01811
train_medical_sample, 866, -0.018142
train_medical_sample, 1871, -0.018149
train_medical_sample, 1628, -0.01815
train_medical_sample, 1364, -0.018183
train_medical_sample, 54, -0.018184
train_medical_sample, 1200, -0.018192
train_medical_sample, 933, -0.018194
train_medical_sample, 429, -0.018207
train_medical_sample, 1478, -0.018215
train_medical_sample, 1165, -0.018233
train_medical_sample, 2014, -0.018249
train_medical_sample, 110, -0.018262
train_medical_sample, 1967, -0.018262
train_medical_sample, 621, -0.018265
train_medical_sample, 1407, -0.018322
train_medical_sample, 979, -0.018324
train_medical_sample, 1524, -0.01835
train_medical_sample, 252, -0.018361
train_medical_sample, 995, -0.01837
train_medical_sample, 1427, -0.01838
train_medical_sample, 591, -0.018383
train_medical_sample, 853, -0.018385
train_medical_sample, 1062, -0.018402
train_medical_sample, 867, -0.018421
train_medical_sample, 633, -0.018429
train_medical_sample, 198, -0.018447
train_medical_sample, 1006, -0.018449
train_medical_sample, 1398, -0.018452
train_medical_sample, 385, -0.018456
train_medical_sample, 900, -0.01846
train_medical_sample, 870, -0.018475
train_medical_sample, 161, -0.018493
train_medical_sample, 6, -0.018505
train_medical_sample, 181, -0.01852
train_medical_sample, 5, -0.018525
train_medical_sample, 1606, -0.01853
train_medical_sample, 1142, -0.018534
train_medical_sample, 793, -0.018564
train_medical_sample, 1031, -0.018571
train_medical_sample, 274, -0.018582
train_medical_sample, 1456, -0.018593
train_medical_sample, 1089, -0.018593
train_medical_sample, 840, -0.018601
train_medical_sample, 1682, -0.018607
train_medical_sample, 490, -0.018626
train_medical_sample, 462, -0.018639
train_medical_sample, 973, -0.018657
train_medical_sample, 1567, -0.018665
train_medical_sample, 1239, -0.018678
train_medical_sample, 1347, -0.018686
train_medical_sample, 1194, -0.018693
train_medical_sample, 263, -0.018694
train_medical_sample, 1945, -0.01871
train_medical_sample, 1101, -0.018725
train_medical_sample, 705, -0.018727
train_medical_sample, 1460, -0.018734
train_medical_sample, 542, -0.018735
train_medical_sample, 1107, -0.018757
train_medical_sample, 1470, -0.018762
train_medical_sample, 1766, -0.018786
train_medical_sample, 340, -0.018786
train_medical_sample, 664, -0.01879
train_medical_sample, 225, -0.018797
train_medical_sample, 1247, -0.018811
train_medical_sample, 157, -0.018819
train_medical_sample, 911, -0.018829
train_medical_sample, 1139, -0.018845
train_medical_sample, 1485, -0.018847
train_medical_sample, 1070, -0.01885
train_medical_sample, 972, -0.018857
train_medical_sample, 1838, -0.018875
train_medical_sample, 1853, -0.018877
train_medical_sample, 732, -0.018883
train_medical_sample, 789, -0.018901
train_medical_sample, 1996, -0.018905
train_medical_sample, 1140, -0.018909
train_medical_sample, 148, -0.018909
train_medical_sample, 692, -0.01892
train_medical_sample, 1786, -0.01893
train_medical_sample, 1955, -0.018931
train_medical_sample, 154, -0.018932
train_medical_sample, 876, -0.018943
train_medical_sample, 1850, -0.018943
train_medical_sample, 1566, -0.018969
train_medical_sample, 229, -0.018972
train_medical_sample, 990, -0.018979
train_medical_sample, 1765, -0.018987
train_medical_sample, 1160, -0.018989
train_medical_sample, 1426, -0.018992
train_medical_sample, 1763, -0.019007
train_medical_sample, 854, -0.019013
train_medical_sample, 1803, -0.019022
train_medical_sample, 67, -0.019025
train_medical_sample, 828, -0.019032
train_medical_sample, 1676, -0.019038
train_medical_sample, 1349, -0.019043
train_medical_sample, 1929, -0.01905
train_medical_sample, 58, -0.019054
train_medical_sample, 1899, -0.019058
train_medical_sample, 1464, -0.01906
train_medical_sample, 1782, -0.019061
train_medical_sample, 1801, -0.01908
train_medical_sample, 1998, -0.019092
train_medical_sample, 1904, -0.019092
train_medical_sample, 353, -0.019094
train_medical_sample, 767, -0.019104
train_medical_sample, 981, -0.019125
train_medical_sample, 376, -0.019138
train_medical_sample, 222, -0.019153
train_medical_sample, 1721, -0.019178
train_medical_sample, 1267, -0.019197
train_medical_sample, 1729, -0.019202
train_medical_sample, 1377, -0.019203
train_medical_sample, 134, -0.019204
train_medical_sample, 221, -0.019212
train_medical_sample, 415, -0.019213
train_medical_sample, 1755, -0.019218
train_medical_sample, 1968, -0.019219
train_medical_sample, 352, -0.019233
train_medical_sample, 2026, -0.019257
train_medical_sample, 959, -0.019272
train_medical_sample, 1815, -0.019281
train_medical_sample, 600, -0.019283
train_medical_sample, 1315, -0.019288
train_medical_sample, 1888, -0.019298
train_medical_sample, 2052, -0.019299
train_medical_sample, 1103, -0.019313
train_medical_sample, 1326, -0.019318
train_medical_sample, 1017, -0.019326
train_medical_sample, 365, -0.019341
train_medical_sample, 1254, -0.019347
train_medical_sample, 1870, -0.019357
train_medical_sample, 604, -0.019362
train_medical_sample, 1856, -0.019374
train_medical_sample, 1424, -0.019389
train_medical_sample, 375, -0.019399
train_medical_sample, 1325, -0.019399
train_medical_sample, 711, -0.019401
train_medical_sample, 133, -0.019402
train_medical_sample, 1188, -0.019414
train_medical_sample, 210, -0.019415
train_medical_sample, 1974, -0.019416
train_medical_sample, 1535, -0.019419
train_medical_sample, 554, -0.019423
train_medical_sample, 410, -0.019434
train_medical_sample, 1063, -0.019451
train_medical_sample, 1823, -0.019467
train_medical_sample, 2010, -0.019483
train_medical_sample, 104, -0.019497
train_medical_sample, 1202, -0.019504
train_medical_sample, 1551, -0.019515
train_medical_sample, 806, -0.019516
train_medical_sample, 32, -0.019553
train_medical_sample, 560, -0.019567
train_medical_sample, 914, -0.019577
train_medical_sample, 831, -0.019579
train_medical_sample, 190, -0.019587
train_medical_sample, 668, -0.019602
train_medical_sample, 869, -0.019604
train_medical_sample, 304, -0.019609
train_medical_sample, 1376, -0.019626
train_medical_sample, 1873, -0.019631
train_medical_sample, 571, -0.019639
train_medical_sample, 1327, -0.019644
train_medical_sample, 1776, -0.019649
train_medical_sample, 1309, -0.019656
train_medical_sample, 234, -0.019662
train_medical_sample, 1902, -0.019681
train_medical_sample, 1680, -0.019727
train_medical_sample, 1548, -0.019746
train_medical_sample, 827, -0.019757
train_medical_sample, 1227, -0.019758
train_medical_sample, 261, -0.019784
train_medical_sample, 1784, -0.019811
train_medical_sample, 986, -0.01982
train_medical_sample, 680, -0.019824
train_medical_sample, 1667, -0.019827
train_medical_sample, 988, -0.019832
train_medical_sample, 1469, -0.019834
train_medical_sample, 1983, -0.019858
train_medical_sample, 1681, -0.019859
train_medical_sample, 420, -0.019867
train_medical_sample, 865, -0.019879
train_medical_sample, 989, -0.01988
train_medical_sample, 838, -0.019884
train_medical_sample, 1346, -0.019885
train_medical_sample, 1736, -0.0199
train_medical_sample, 815, -0.019901
train_medical_sample, 1425, -0.019911
train_medical_sample, 269, -0.019922
train_medical_sample, 1976, -0.019929
train_medical_sample, 503, -0.019935
train_medical_sample, 645, -0.019944
train_medical_sample, 1868, -0.019949
train_medical_sample, 1534, -0.019952
train_medical_sample, 1865, -0.019969
train_medical_sample, 358, -0.019974
train_medical_sample, 1842, -0.019986
train_medical_sample, 700, -0.020012
train_medical_sample, 857, -0.020021
train_medical_sample, 1760, -0.020034
train_medical_sample, 1462, -0.020039
train_medical_sample, 470, -0.020046
train_medical_sample, 1852, -0.020054
train_medical_sample, 824, -0.020054
train_medical_sample, 483, -0.020057
train_medical_sample, 120, -0.020058
train_medical_sample, 1295, -0.020062
train_medical_sample, 1115, -0.020069
train_medical_sample, 199, -0.020095
train_medical_sample, 1237, -0.020105
train_medical_sample, 1520, -0.020121
train_medical_sample, 122, -0.020125
train_medical_sample, 306, -0.020127
train_medical_sample, 1345, -0.020146
train_medical_sample, 641, -0.020153
train_medical_sample, 928, -0.020155
train_medical_sample, 1093, -0.020158
train_medical_sample, 1317, -0.020162
train_medical_sample, 377, -0.020167
train_medical_sample, 625, -0.020175
train_medical_sample, 2028, -0.020195
train_medical_sample, 1100, -0.020199
train_medical_sample, 1810, -0.020204
train_medical_sample, 694, -0.020212
train_medical_sample, 837, -0.020227
train_medical_sample, 1686, -0.020259
train_medical_sample, 1117, -0.020266
train_medical_sample, 1288, -0.020272
train_medical_sample, 178, -0.020277
train_medical_sample, 1344, -0.020307
train_medical_sample, 1352, -0.020317
train_medical_sample, 552, -0.02032
train_medical_sample, 1318, -0.020324
train_medical_sample, 191, -0.020327
train_medical_sample, 93, -0.02034
train_medical_sample, 961, -0.02034
train_medical_sample, 8, -0.020356
train_medical_sample, 1308, -0.020373
train_medical_sample, 1706, -0.020391
train_medical_sample, 1609, -0.020396
train_medical_sample, 738, -0.0204
train_medical_sample, 160, -0.020405
train_medical_sample, 1197, -0.020407
train_medical_sample, 510, -0.020419
train_medical_sample, 996, -0.02042
train_medical_sample, 1711, -0.020444
train_medical_sample, 1722, -0.02047
train_medical_sample, 335, -0.020476
train_medical_sample, 821, -0.020478
train_medical_sample, 1185, -0.02048
train_medical_sample, 1517, -0.020492
train_medical_sample, 1332, -0.020494
train_medical_sample, 932, -0.020515
train_medical_sample, 460, -0.020517
train_medical_sample, 18, -0.020523
train_medical_sample, 1717, -0.02054
train_medical_sample, 347, -0.020541
train_medical_sample, 2033, -0.02055
train_medical_sample, 485, -0.020555
train_medical_sample, 405, -0.020574
train_medical_sample, 305, -0.020587
train_medical_sample, 1375, -0.020616
train_medical_sample, 903, -0.020617
train_medical_sample, 457, -0.02063
train_medical_sample, 1840, -0.020643
train_medical_sample, 47, -0.020647
train_medical_sample, 1753, -0.020649
train_medical_sample, 1108, -0.020657
train_medical_sample, 1788, -0.02067
train_medical_sample, 628, -0.020687
train_medical_sample, 224, -0.020691
train_medical_sample, 701, -0.020709
train_medical_sample, 952, -0.020728
train_medical_sample, 1828, -0.020746
train_medical_sample, 709, -0.020749
train_medical_sample, 52, -0.02075
train_medical_sample, 980, -0.020761
train_medical_sample, 679, -0.020766
train_medical_sample, 501, -0.020786
train_medical_sample, 2006, -0.020787
train_medical_sample, 1578, -0.020813
train_medical_sample, 1973, -0.020817
train_medical_sample, 1130, -0.02082
train_medical_sample, 292, -0.020827
train_medical_sample, 337, -0.020848
train_medical_sample, 1855, -0.020852
train_medical_sample, 695, -0.020853
train_medical_sample, 1764, -0.020891
train_medical_sample, 2002, -0.020909
train_medical_sample, 1521, -0.020912
train_medical_sample, 963, -0.020918
train_medical_sample, 105, -0.020918
train_medical_sample, 1113, -0.020918
train_medical_sample, 242, -0.020919
train_medical_sample, 1341, -0.020931
train_medical_sample, 100, -0.020932
train_medical_sample, 392, -0.020957
train_medical_sample, 1543, -0.020964
train_medical_sample, 1499, -0.020989
train_medical_sample, 325, -0.020995
train_medical_sample, 416, -0.021013
train_medical_sample, 871, -0.021026
train_medical_sample, 765, -0.021031
train_medical_sample, 218, -0.021035
train_medical_sample, 1690, -0.021045
train_medical_sample, 1718, -0.021074
train_medical_sample, 179, -0.02109
train_medical_sample, 1860, -0.021096
train_medical_sample, 183, -0.021105
train_medical_sample, 1397, -0.021108
train_medical_sample, 652, -0.021108
train_medical_sample, 1071, -0.021119
train_medical_sample, 627, -0.021121
train_medical_sample, 856, -0.021121
train_medical_sample, 895, -0.021121
train_medical_sample, 887, -0.021123
train_medical_sample, 1921, -0.021129
train_medical_sample, 1489, -0.021129
train_medical_sample, 362, -0.021142
train_medical_sample, 1028, -0.021144
train_medical_sample, 1061, -0.021145
train_medical_sample, 1264, -0.021155
train_medical_sample, 196, -0.021173
train_medical_sample, 1428, -0.021194
train_medical_sample, 158, -0.021195
train_medical_sample, 1127, -0.021216
train_medical_sample, 540, -0.021265
train_medical_sample, 119, -0.021283
train_medical_sample, 1466, -0.021305
train_medical_sample, 594, -0.02131
train_medical_sample, 1261, -0.021346
train_medical_sample, 1789, -0.021352
train_medical_sample, 217, -0.021353
train_medical_sample, 772, -0.021366
train_medical_sample, 1674, -0.021368
train_medical_sample, 891, -0.021377
train_medical_sample, 1300, -0.021385
train_medical_sample, 1822, -0.021405
train_medical_sample, 1922, -0.021411
train_medical_sample, 1516, -0.021411
train_medical_sample, 851, -0.021412
train_medical_sample, 1561, -0.021429
train_medical_sample, 20, -0.021439
train_medical_sample, 368, -0.021444
train_medical_sample, 19, -0.021444
train_medical_sample, 488, -0.021446
train_medical_sample, 517, -0.021453
train_medical_sample, 301, -0.02146
train_medical_sample, 1710, -0.02146
train_medical_sample, 1816, -0.021466
train_medical_sample, 1174, -0.021472
train_medical_sample, 279, -0.021477
train_medical_sample, 741, -0.021494
train_medical_sample, 1238, -0.021506
train_medical_sample, 489, -0.021539
train_medical_sample, 716, -0.021542
train_medical_sample, 449, -0.021568
train_medical_sample, 719, -0.021577
train_medical_sample, 1014, -0.021594
train_medical_sample, 1405, -0.021605
train_medical_sample, 1383, -0.021606
train_medical_sample, 1500, -0.021626
train_medical_sample, 771, -0.02163
train_medical_sample, 673, -0.021638
train_medical_sample, 1977, -0.021652
train_medical_sample, 493, -0.021694
train_medical_sample, 1817, -0.021703
train_medical_sample, 1530, -0.021703
train_medical_sample, 118, -0.021708
train_medical_sample, 447, -0.02171
train_medical_sample, 1004, -0.021716
train_medical_sample, 1249, -0.021717
train_medical_sample, 11, -0.021724
train_medical_sample, 618, -0.021726
train_medical_sample, 573, -0.021748
train_medical_sample, 677, -0.021751
train_medical_sample, 1384, -0.021758
train_medical_sample, 1495, -0.021768
train_medical_sample, 402, -0.021769
train_medical_sample, 1593, -0.021782
train_medical_sample, 1078, -0.021792
train_medical_sample, 624, -0.021796
train_medical_sample, 204, -0.02181
train_medical_sample, 1612, -0.021822
train_medical_sample, 746, -0.021828
train_medical_sample, 1204, -0.021834
train_medical_sample, 1990, -0.021877
train_medical_sample, 758, -0.021878
train_medical_sample, 844, -0.021885
train_medical_sample, 1120, -0.021892
train_medical_sample, 1195, -0.021894
train_medical_sample, 1705, -0.021907
train_medical_sample, 1088, -0.02192
train_medical_sample, 2040, -0.021925
train_medical_sample, 1510, -0.021926
train_medical_sample, 355, -0.021927
train_medical_sample, 1518, -0.021933
train_medical_sample, 12, -0.021947
train_medical_sample, 1553, -0.02196
train_medical_sample, 511, -0.021964
train_medical_sample, 2039, -0.021974
train_medical_sample, 949, -0.021981
train_medical_sample, 1310, -0.021989
train_medical_sample, 1331, -0.02199
train_medical_sample, 1634, -0.022005
train_medical_sample, 599, -0.022014
train_medical_sample, 1461, -0.022017
train_medical_sample, 1449, -0.022017
train_medical_sample, 1630, -0.022021
train_medical_sample, 1301, -0.022049
train_medical_sample, 1645, -0.02205
train_medical_sample, 95, -0.022058
train_medical_sample, 1356, -0.022075
train_medical_sample, 257, -0.022089
train_medical_sample, 396, -0.02209
train_medical_sample, 1869, -0.022097
train_medical_sample, 855, -0.022101
train_medical_sample, 1994, -0.022114
train_medical_sample, 1762, -0.022117
train_medical_sample, 1952, -0.022135
train_medical_sample, 307, -0.022135
train_medical_sample, 378, -0.02214
train_medical_sample, 768, -0.022144
train_medical_sample, 939, -0.022151
train_medical_sample, 1134, -0.022154
train_medical_sample, 2044, -0.022164
train_medical_sample, 665, -0.022165
train_medical_sample, 846, -0.022191
train_medical_sample, 1163, -0.022198
train_medical_sample, 1981, -0.022203
train_medical_sample, 2032, -0.022203
train_medical_sample, 250, -0.02223
train_medical_sample, 220, -0.022233
train_medical_sample, 213, -0.02224
train_medical_sample, 647, -0.022247
train_medical_sample, 1953, -0.022254
train_medical_sample, 686, -0.022262
train_medical_sample, 1217, -0.022268
train_medical_sample, 297, -0.022316
train_medical_sample, 788, -0.022326
train_medical_sample, 898, -0.022329
train_medical_sample, 1434, -0.022332
train_medical_sample, 155, -0.02235
train_medical_sample, 1602, -0.022362
train_medical_sample, 803, -0.022373
train_medical_sample, 1179, -0.022375
train_medical_sample, 1412, -0.022379
train_medical_sample, 1387, -0.022381
train_medical_sample, 897, -0.022383
train_medical_sample, 1780, -0.022388
train_medical_sample, 1035, -0.022411
train_medical_sample, 1758, -0.022418
train_medical_sample, 1121, -0.022419
train_medical_sample, 454, -0.022426
train_medical_sample, 1988, -0.022432
train_medical_sample, 1556, -0.022432
train_medical_sample, 1429, -0.022433
train_medical_sample, 742, -0.022435
train_medical_sample, 526, -0.022436
train_medical_sample, 1917, -0.022464
train_medical_sample, 10, -0.022468
train_medical_sample, 1382, -0.022486
train_medical_sample, 1368, -0.022573
train_medical_sample, 913, -0.022581
train_medical_sample, 357, -0.022586
train_medical_sample, 1319, -0.02261
train_medical_sample, 608, -0.022617
train_medical_sample, 1046, -0.022653
train_medical_sample, 434, -0.02266
train_medical_sample, 430, -0.022675
train_medical_sample, 1547, -0.022675
train_medical_sample, 1933, -0.02268
train_medical_sample, 549, -0.022694
train_medical_sample, 823, -0.022711
train_medical_sample, 323, -0.022714
train_medical_sample, 1939, -0.02274
train_medical_sample, 1343, -0.022744
train_medical_sample, 787, -0.022751
train_medical_sample, 1882, -0.022755
train_medical_sample, 667, -0.022769
train_medical_sample, 1158, -0.02277
train_medical_sample, 346, -0.022776
train_medical_sample, 1679, -0.022779
train_medical_sample, 479, -0.022783
train_medical_sample, 173, -0.022814
train_medical_sample, 1342, -0.022842
train_medical_sample, 883, -0.022848
train_medical_sample, 755, -0.022852
train_medical_sample, 233, -0.022856
train_medical_sample, 1459, -0.022868
train_medical_sample, 393, -0.02288
train_medical_sample, 1173, -0.022883
train_medical_sample, 116, -0.022888
train_medical_sample, 1083, -0.022895
train_medical_sample, 656, -0.022901
train_medical_sample, 1797, -0.022908
train_medical_sample, 1620, -0.022919
train_medical_sample, 1924, -0.022928
train_medical_sample, 2038, -0.022929
train_medical_sample, 791, -0.022933
train_medical_sample, 1619, -0.022966
train_medical_sample, 533, -0.022975
train_medical_sample, 1720, -0.023
train_medical_sample, 249, -0.023014
train_medical_sample, 1796, -0.023018
train_medical_sample, 884, -0.023021
train_medical_sample, 1275, -0.023029
train_medical_sample, 1673, -0.023031
train_medical_sample, 1491, -0.023041
train_medical_sample, 202, -0.023069
train_medical_sample, 640, -0.02307
train_medical_sample, 1638, -0.023087
train_medical_sample, 1745, -0.023089
train_medical_sample, 1972, -0.023094
train_medical_sample, 1700, -0.023113
train_medical_sample, 779, -0.023122
train_medical_sample, 472, -0.023123
train_medical_sample, 757, -0.023125
train_medical_sample, 1897, -0.023142
train_medical_sample, 140, -0.023152
train_medical_sample, 723, -0.023153
train_medical_sample, 535, -0.023153
train_medical_sample, 1896, -0.023164
train_medical_sample, 1483, -0.02318
train_medical_sample, 2037, -0.023181
train_medical_sample, 1901, -0.023206
train_medical_sample, 205, -0.023207
train_medical_sample, 1916, -0.023216
train_medical_sample, 1214, -0.023224
train_medical_sample, 1798, -0.02323
train_medical_sample, 1003, -0.023237
train_medical_sample, 610, -0.023237
train_medical_sample, 1118, -0.023243
train_medical_sample, 451, -0.023256
train_medical_sample, 1329, -0.023269
train_medical_sample, 1982, -0.023283
train_medical_sample, 409, -0.023286
train_medical_sample, 745, -0.023322
train_medical_sample, 519, -0.023329
train_medical_sample, 984, -0.023333
train_medical_sample, 332, -0.023341
train_medical_sample, 411, -0.023353
train_medical_sample, 685, -0.023399
train_medical_sample, 775, -0.023401
train_medical_sample, 1751, -0.023414
train_medical_sample, 139, -0.023422
train_medical_sample, 733, -0.023428
train_medical_sample, 226, -0.023435
train_medical_sample, 1068, -0.023442
train_medical_sample, 920, -0.023446
train_medical_sample, 777, -0.023455
train_medical_sample, 1463, -0.023461
train_medical_sample, 619, -0.023467
train_medical_sample, 422, -0.023474
train_medical_sample, 1025, -0.023518
train_medical_sample, 1030, -0.023518
train_medical_sample, 438, -0.023533
train_medical_sample, 782, -0.023545
train_medical_sample, 713, -0.02355
train_medical_sample, 1563, -0.023552
train_medical_sample, 398, -0.023553
train_medical_sample, 164, -0.023562
train_medical_sample, 194, -0.023572
train_medical_sample, 616, -0.023589
train_medical_sample, 1505, -0.023602
train_medical_sample, 1544, -0.023607
train_medical_sample, 1555, -0.023625
train_medical_sample, 1029, -0.023634
train_medical_sample, 631, -0.023636
train_medical_sample, 674, -0.023637
train_medical_sample, 1291, -0.023646
train_medical_sample, 1900, -0.023648
train_medical_sample, 341, -0.023666
train_medical_sample, 471, -0.023668
train_medical_sample, 1007, -0.023679
train_medical_sample, 273, -0.02368
train_medical_sample, 403, -0.023693
train_medical_sample, 1778, -0.023706
train_medical_sample, 1685, -0.023735
train_medical_sample, 1322, -0.023736
train_medical_sample, 1316, -0.023737
train_medical_sample, 1001, -0.023737
train_medical_sample, 2013, -0.02375
train_medical_sample, 1272, -0.023752
train_medical_sample, 1053, -0.023759
train_medical_sample, 144, -0.023766
train_medical_sample, 387, -0.023774
train_medical_sample, 620, -0.023776
train_medical_sample, 1738, -0.02378
train_medical_sample, 1394, -0.023782
train_medical_sample, 1731, -0.023785
train_medical_sample, 852, -0.023789
train_medical_sample, 1835, -0.023798
train_medical_sample, 776, -0.023803
train_medical_sample, 858, -0.023808
train_medical_sample, 1526, -0.023827
train_medical_sample, 425, -0.023836
train_medical_sample, 1991, -0.023837
train_medical_sample, 2055, -0.023843
train_medical_sample, 1164, -0.023862
train_medical_sample, 845, -0.023867
train_medical_sample, 1513, -0.023873
train_medical_sample, 982, -0.023876
train_medical_sample, 1141, -0.023887
train_medical_sample, 1907, -0.023901
train_medical_sample, 1506, -0.023903
train_medical_sample, 1040, -0.023922
train_medical_sample, 207, -0.023939
train_medical_sample, 675, -0.023943
train_medical_sample, 1372, -0.023996
train_medical_sample, 296, -0.024025
train_medical_sample, 1811, -0.024026
train_medical_sample, 832, -0.024041
train_medical_sample, 974, -0.024042
train_medical_sample, 506, -0.024044
train_medical_sample, 570, -0.024055
train_medical_sample, 136, -0.024065
train_medical_sample, 1527, -0.024068
train_medical_sample, 238, -0.024069
train_medical_sample, 1707, -0.024071
train_medical_sample, 774, -0.024081
train_medical_sample, 1918, -0.024096
train_medical_sample, 729, -0.024105
train_medical_sample, 1594, -0.024113
train_medical_sample, 655, -0.024131
train_medical_sample, 1363, -0.02415
train_medical_sample, 495, -0.024153
train_medical_sample, 1666, -0.024159
train_medical_sample, 607, -0.024169
train_medical_sample, 1507, -0.024176
train_medical_sample, 102, -0.02419
train_medical_sample, 1772, -0.024209
train_medical_sample, 784, -0.024213
train_medical_sample, 798, -0.024223
train_medical_sample, 1847, -0.024262
train_medical_sample, 1696, -0.024277
train_medical_sample, 1448, -0.024279
train_medical_sample, 126, -0.024285
train_medical_sample, 1037, -0.024293
train_medical_sample, 231, -0.024302
train_medical_sample, 1909, -0.024304
train_medical_sample, 1754, -0.024322
train_medical_sample, 1536, -0.024326
train_medical_sample, 718, -0.024332
train_medical_sample, 1307, -0.024332
train_medical_sample, 1473, -0.024348
train_medical_sample, 1293, -0.024348
train_medical_sample, 115, -0.024351
train_medical_sample, 1018, -0.024357
train_medical_sample, 1436, -0.02436
train_medical_sample, 24, -0.024375
train_medical_sample, 890, -0.024392
train_medical_sample, 691, -0.024395
train_medical_sample, 481, -0.024396
train_medical_sample, 727, -0.024399
train_medical_sample, 931, -0.024412
train_medical_sample, 1260, -0.024434
train_medical_sample, 268, -0.024443
train_medical_sample, 266, -0.024448
train_medical_sample, 1338, -0.024461
train_medical_sample, 1090, -0.024469
train_medical_sample, 734, -0.024471
train_medical_sample, 1512, -0.024492
train_medical_sample, 1647, -0.024493
train_medical_sample, 1642, -0.024508
train_medical_sample, 1849, -0.024509
train_medical_sample, 1931, -0.02452
train_medical_sample, 1841, -0.024529
train_medical_sample, 1913, -0.024539
train_medical_sample, 172, -0.02454
train_medical_sample, 1092, -0.024544
train_medical_sample, 1490, -0.024547
train_medical_sample, 902, -0.024553
train_medical_sample, 1503, -0.024556
train_medical_sample, 1451, -0.024562
train_medical_sample, 1116, -0.024569
train_medical_sample, 2023, -0.02461
train_medical_sample, 1494, -0.024615
train_medical_sample, 1691, -0.024618
train_medical_sample, 1971, -0.024618
train_medical_sample, 1493, -0.024622
train_medical_sample, 909, -0.02463
train_medical_sample, 435, -0.024656
train_medical_sample, 735, -0.024658
train_medical_sample, 1059, -0.024659
train_medical_sample, 941, -0.024662
train_medical_sample, 1348, -0.024664
train_medical_sample, 575, -0.024684
train_medical_sample, 1559, -0.024691
train_medical_sample, 644, -0.024696
train_medical_sample, 602, -0.024702
train_medical_sample, 1079, -0.024727
train_medical_sample, 1124, -0.024731
train_medical_sample, 260, -0.024737
train_medical_sample, 944, -0.024738
train_medical_sample, 1036, -0.02474
train_medical_sample, 1712, -0.024745
train_medical_sample, 1143, -0.024767
train_medical_sample, 778, -0.024774
train_medical_sample, 1501, -0.02478
train_medical_sample, 514, -0.024784
train_medical_sample, 1048, -0.024794
train_medical_sample, 132, -0.024801
train_medical_sample, 311, -0.024825
train_medical_sample, 1818, -0.024829
train_medical_sample, 1969, -0.024839
train_medical_sample, 581, -0.024858
train_medical_sample, 1373, -0.024858
train_medical_sample, 267, -0.024864
train_medical_sample, 1328, -0.024866
train_medical_sample, 922, -0.024917
train_medical_sample, 605, -0.024919
train_medical_sample, 583, -0.024922
train_medical_sample, 651, -0.024934
train_medical_sample, 1960, -0.024957
train_medical_sample, 1066, -0.024974
train_medical_sample, 1302, -0.024979
train_medical_sample, 1111, -0.024989
train_medical_sample, 1311, -0.02499
train_medical_sample, 1016, -0.024997
train_medical_sample, 769, -0.025013
train_medical_sample, 1610, -0.025053
train_medical_sample, 1743, -0.025053
train_medical_sample, 1625, -0.025071
train_medical_sample, 291, -0.025076
train_medical_sample, 1221, -0.025086
train_medical_sample, 957, -0.025106
train_medical_sample, 1639, -0.025109
train_medical_sample, 1075, -0.025113
train_medical_sample, 1702, -0.025124
train_medical_sample, 2057, -0.025125
train_medical_sample, 601, -0.025133
train_medical_sample, 861, -0.025137
train_medical_sample, 1303, -0.025143
train_medical_sample, 388, -0.025162
train_medical_sample, 275, -0.025181
train_medical_sample, 1995, -0.025183
train_medical_sample, 426, -0.025185
train_medical_sample, 1522, -0.025198
train_medical_sample, 1858, -0.0252
train_medical_sample, 2001, -0.025206
train_medical_sample, 1515, -0.025208
train_medical_sample, 1890, -0.025211
train_medical_sample, 1409, -0.025213
train_medical_sample, 703, -0.025221
train_medical_sample, 450, -0.025223
train_medical_sample, 1422, -0.025225
train_medical_sample, 825, -0.025227
train_medical_sample, 1119, -0.025234
train_medical_sample, 1146, -0.025246
train_medical_sample, 1253, -0.025261
train_medical_sample, 638, -0.025277
train_medical_sample, 1774, -0.02529
train_medical_sample, 356, -0.025352
train_medical_sample, 200, -0.02536
train_medical_sample, 1266, -0.025383
train_medical_sample, 750, -0.02539
train_medical_sample, 1283, -0.025393
train_medical_sample, 1694, -0.025402
train_medical_sample, 893, -0.02541
train_medical_sample, 76, -0.025411
train_medical_sample, 1893, -0.02543
train_medical_sample, 2036, -0.02546
train_medical_sample, 509, -0.025466
train_medical_sample, 689, -0.025467
train_medical_sample, 1980, -0.025473
train_medical_sample, 970, -0.025487
train_medical_sample, 364, -0.02549
train_medical_sample, 255, -0.025515
train_medical_sample, 569, -0.02552
train_medical_sample, 1243, -0.025528
train_medical_sample, 333, -0.025541
train_medical_sample, 1591, -0.025544
train_medical_sample, 236, -0.02555
train_medical_sample, 1234, -0.025551
train_medical_sample, 175, -0.025561
train_medical_sample, 1335, -0.025587
train_medical_sample, 1734, -0.025638
train_medical_sample, 431, -0.025668
train_medical_sample, 1498, -0.025672
train_medical_sample, 1747, -0.025683
train_medical_sample, 473, -0.025685
train_medical_sample, 2031, -0.025695
train_medical_sample, 577, -0.025707
train_medical_sample, 579, -0.025727
train_medical_sample, 452, -0.025751
train_medical_sample, 1447, -0.025756
train_medical_sample, 1839, -0.025759
train_medical_sample, 262, -0.025763
train_medical_sample, 331, -0.025784
train_medical_sample, 940, -0.025791
train_medical_sample, 962, -0.0258
train_medical_sample, 1659, -0.025802
train_medical_sample, 1180, -0.025803
train_medical_sample, 1154, -0.025804
train_medical_sample, 1054, -0.02582
train_medical_sample, 795, -0.025826
train_medical_sample, 176, -0.025837
train_medical_sample, 303, -0.02585
train_medical_sample, 258, -0.02586
train_medical_sample, 1043, -0.025883
train_medical_sample, 1599, -0.025898
train_medical_sample, 248, -0.025902
train_medical_sample, 2029, -0.02592
train_medical_sample, 702, -0.025955
train_medical_sample, 367, -0.025971
train_medical_sample, 1131, -0.025972
train_medical_sample, 2049, -0.025982
train_medical_sample, 289, -0.025994
train_medical_sample, 1287, -0.025995
train_medical_sample, 482, -0.026001
train_medical_sample, 171, -0.02601
train_medical_sample, 106, -0.02603
train_medical_sample, 2017, -0.026032
train_medical_sample, 518, -0.026051
train_medical_sample, 1806, -0.026062
train_medical_sample, 1876, -0.026096
train_medical_sample, 780, -0.026112
train_medical_sample, 943, -0.026118
train_medical_sample, 1523, -0.02612
train_medical_sample, 1934, -0.026148
train_medical_sample, 466, -0.026164
train_medical_sample, 1095, -0.026179
train_medical_sample, 1446, -0.026187
train_medical_sample, 1668, -0.026192
train_medical_sample, 2050, -0.026204
train_medical_sample, 1056, -0.02621
train_medical_sample, 189, -0.026214
train_medical_sample, 1636, -0.026226
train_medical_sample, 1496, -0.026229
train_medical_sample, 669, -0.026234
train_medical_sample, 1073, -0.026258
train_medical_sample, 463, -0.026275
train_medical_sample, 790, -0.026275
train_medical_sample, 626, -0.026276
train_medical_sample, 1631, -0.026279
train_medical_sample, 1186, -0.026286
train_medical_sample, 556, -0.026296
train_medical_sample, 1157, -0.026303
train_medical_sample, 637, -0.026307
train_medical_sample, 1069, -0.026334
train_medical_sample, 1258, -0.026368
train_medical_sample, 1623, -0.026371
train_medical_sample, 1989, -0.026379
train_medical_sample, 1278, -0.02638
train_medical_sample, 559, -0.026406
train_medical_sample, 1932, -0.026415
train_medical_sample, 1587, -0.026421
train_medical_sample, 209, -0.026429
train_medical_sample, 1161, -0.026431
train_medical_sample, 1298, -0.026442
train_medical_sample, 968, -0.026448
train_medical_sample, 1479, -0.026449
train_medical_sample, 971, -0.026465
train_medical_sample, 372, -0.026465
train_medical_sample, 1857, -0.026476
train_medical_sample, 293, -0.026487
train_medical_sample, 1296, -0.026504
train_medical_sample, 442, -0.026504
train_medical_sample, 917, -0.026505
train_medical_sample, 1541, -0.026513
train_medical_sample, 548, -0.026522
train_medical_sample, 609, -0.026524
train_medical_sample, 950, -0.026534
train_medical_sample, 1596, -0.026537
train_medical_sample, 1020, -0.026553
train_medical_sample, 2041, -0.026571
train_medical_sample, 448, -0.026575
train_medical_sample, 1458, -0.026579
train_medical_sample, 726, -0.026581
train_medical_sample, 456, -0.026582
train_medical_sample, 697, -0.026584
train_medical_sample, 71, -0.026588
train_medical_sample, 1540, -0.0266
train_medical_sample, 1504, -0.0266
train_medical_sample, 1210, -0.026608
train_medical_sample, 1248, -0.026614
train_medical_sample, 1450, -0.026624
train_medical_sample, 1759, -0.026646
train_medical_sample, 1912, -0.026648
train_medical_sample, 978, -0.026658
train_medical_sample, 1560, -0.02668
train_medical_sample, 956, -0.026686
train_medical_sample, 1961, -0.026697
train_medical_sample, 270, -0.026701
train_medical_sample, 1539, -0.026704
train_medical_sample, 635, -0.026706
train_medical_sample, 1223, -0.02671
train_medical_sample, 322, -0.026718
train_medical_sample, 75, -0.026725
train_medical_sample, 596, -0.026774
train_medical_sample, 1978, -0.026775
train_medical_sample, 967, -0.026775
train_medical_sample, 1837, -0.026777
train_medical_sample, 521, -0.0268
train_medical_sample, 223, -0.026813
train_medical_sample, 907, -0.026821
train_medical_sample, 1719, -0.026841
train_medical_sample, 464, -0.026841
train_medical_sample, 1791, -0.02685
train_medical_sample, 1211, -0.026871
train_medical_sample, 558, -0.026888
train_medical_sample, 1886, -0.026895
train_medical_sample, 814, -0.026899
train_medical_sample, 515, -0.026899
train_medical_sample, 156, -0.026933
train_medical_sample, 1519, -0.026956
train_medical_sample, 428, -0.026962
train_medical_sample, 215, -0.027036
train_medical_sample, 1727, -0.027127
train_medical_sample, 1039, -0.027131
train_medical_sample, 1662, -0.027159
train_medical_sample, 1337, -0.027183
train_medical_sample, 1851, -0.027183
train_medical_sample, 1209, -0.027187
train_medical_sample, 114, -0.027188
train_medical_sample, 298, -0.02719
train_medical_sample, 1415, -0.027209
train_medical_sample, 1255, -0.027214
train_medical_sample, 925, -0.027247
train_medical_sample, 1531, -0.02725
train_medical_sample, 1709, -0.027263
train_medical_sample, 786, -0.027264
train_medical_sample, 1964, -0.027266
train_medical_sample, 1058, -0.027277
train_medical_sample, 1156, -0.027292
train_medical_sample, 1590, -0.027302
train_medical_sample, 881, -0.027304
train_medical_sample, 1552, -0.027331
train_medical_sample, 1122, -0.027343
train_medical_sample, 1677, -0.027348
train_medical_sample, 1570, -0.027348
train_medical_sample, 1773, -0.027349
train_medical_sample, 653, -0.02735
train_medical_sample, 1827, -0.027351
train_medical_sample, 219, -0.027366
train_medical_sample, 532, -0.027413
train_medical_sample, 1474, -0.027414
train_medical_sample, 1468, -0.027415
train_medical_sample, 1057, -0.02743
train_medical_sample, 1396, -0.027436
train_medical_sample, 162, -0.027438
train_medical_sample, 240, -0.027439
train_medical_sample, 1903, -0.02744
train_medical_sample, 188, -0.027442
train_medical_sample, 1289, -0.027474
train_medical_sample, 1219, -0.027483
train_medical_sample, 2012, -0.027497
train_medical_sample, 636, -0.027497
train_medical_sample, 143, -0.027498
train_medical_sample, 707, -0.027511
train_medical_sample, 1482, -0.027527
train_medical_sample, 1268, -0.027533
train_medical_sample, 613, -0.027547
train_medical_sample, 945, -0.027554
train_medical_sample, 363, -0.027593
train_medical_sample, 801, -0.027602
train_medical_sample, 1045, -0.027622
train_medical_sample, 1833, -0.027638
train_medical_sample, 246, -0.027638
train_medical_sample, 1862, -0.027643
train_medical_sample, 948, -0.027643
train_medical_sample, 1082, -0.027645
train_medical_sample, 1626, -0.02765
train_medical_sample, 1671, -0.027668
train_medical_sample, 92, -0.027671
train_medical_sample, 321, -0.027672
train_medical_sample, 937, -0.027701
train_medical_sample, 1012, -0.027707
train_medical_sample, 1008, -0.027717
train_medical_sample, 1086, -0.027722
train_medical_sample, 1728, -0.027727
train_medical_sample, 1032, -0.027728
train_medical_sample, 1757, -0.02773
train_medical_sample, 1192, -0.027743
train_medical_sample, 1010, -0.027764
train_medical_sample, 2011, -0.027777
train_medical_sample, 1205, -0.027782
train_medical_sample, 578, -0.027788
train_medical_sample, 1715, -0.027807
train_medical_sample, 617, -0.027831
train_medical_sample, 710, -0.027882
train_medical_sample, 1023, -0.027896
train_medical_sample, 964, -0.027905
train_medical_sample, 666, -0.027929
train_medical_sample, 1993, -0.027938
train_medical_sample, 536, -0.027963
train_medical_sample, 87, -0.027965
train_medical_sample, 704, -0.027965
train_medical_sample, 165, -0.027993
train_medical_sample, 800, -0.028003
train_medical_sample, 184, -0.028013
train_medical_sample, 1742, -0.028044
train_medical_sample, 1575, -0.028061
train_medical_sample, 476, -0.028063
train_medical_sample, 1615, -0.028075
train_medical_sample, 1177, -0.028102
train_medical_sample, 1678, -0.028103
train_medical_sample, 1987, -0.028114
train_medical_sample, 1060, -0.028122
train_medical_sample, 1480, -0.028147
train_medical_sample, 1692, -0.028171
train_medical_sample, 1557, -0.028182
train_medical_sample, 480, -0.028183
train_medical_sample, 977, -0.028195
train_medical_sample, 1891, -0.028197
train_medical_sample, 1106, -0.028207
train_medical_sample, 1740, -0.028208
train_medical_sample, 1433, -0.028212
train_medical_sample, 546, -0.028251
train_medical_sample, 109, -0.028281
train_medical_sample, 1814, -0.028295
train_medical_sample, 1285, -0.028298
train_medical_sample, 1404, -0.0283
train_medical_sample, 1497, -0.028306
train_medical_sample, 810, -0.028312
train_medical_sample, 1958, -0.028335
train_medical_sample, 1946, -0.02834
train_medical_sample, 847, -0.028349
train_medical_sample, 1821, -0.028392
train_medical_sample, 597, -0.028396
train_medical_sample, 113, -0.028416
train_medical_sample, 706, -0.028424
train_medical_sample, 919, -0.028428
train_medical_sample, 328, -0.028456
train_medical_sample, 1735, -0.028464
train_medical_sample, 1246, -0.028467
train_medical_sample, 1155, -0.028479
train_medical_sample, 41, -0.028483
train_medical_sample, 543, -0.028486
train_medical_sample, 708, -0.028486
train_medical_sample, 1550, -0.028493
train_medical_sample, 648, -0.028498
train_medical_sample, 1455, -0.0285
train_medical_sample, 1323, -0.028503
train_medical_sample, 590, -0.028516
train_medical_sample, 576, -0.02853
train_medical_sample, 1565, -0.028533
train_medical_sample, 467, -0.028543
train_medical_sample, 1787, -0.028581
train_medical_sample, 1930, -0.028585
train_medical_sample, 1650, -0.028587
train_medical_sample, 1769, -0.028604
train_medical_sample, 1381, -0.028631
train_medical_sample, 1779, -0.028633
train_medical_sample, 211, -0.028638
train_medical_sample, 992, -0.028643
train_medical_sample, 195, -0.028645
train_medical_sample, 1435, -0.028647
train_medical_sample, 805, -0.028651
train_medical_sample, 1153, -0.02866
train_medical_sample, 2030, -0.028744
train_medical_sample, 1604, -0.028746
train_medical_sample, 586, -0.028751
train_medical_sample, 287, -0.028764
train_medical_sample, 2054, -0.028777
train_medical_sample, 439, -0.028786
train_medical_sample, 1665, -0.02879
train_medical_sample, 1244, -0.028812
train_medical_sample, 717, -0.028816
train_medical_sample, 572, -0.028819
train_medical_sample, 185, -0.028845
train_medical_sample, 103, -0.028868
train_medical_sample, 127, -0.028897
train_medical_sample, 63, -0.0289
train_medical_sample, 1034, -0.028918
train_medical_sample, 860, -0.028921
train_medical_sample, 1201, -0.028946
train_medical_sample, 524, -0.028972
train_medical_sample, 1262, -0.028975
train_medical_sample, 1935, -0.028978
train_medical_sample, 849, -0.028983
train_medical_sample, 1726, -0.028983
train_medical_sample, 1042, -0.028987
train_medical_sample, 320, -0.02899
train_medical_sample, 531, -0.028993
train_medical_sample, 1708, -0.028995
train_medical_sample, 2015, -0.029024
train_medical_sample, 1621, -0.029025
train_medical_sample, 334, -0.029055
train_medical_sample, 1256, -0.029062
train_medical_sample, 740, -0.029064
train_medical_sample, 1324, -0.029067
train_medical_sample, 882, -0.02912
train_medical_sample, 1656, -0.029127
train_medical_sample, 1013, -0.029151
train_medical_sample, 1304, -0.029164
train_medical_sample, 693, -0.029225
train_medical_sample, 128, -0.029232
train_medical_sample, 539, -0.029243
train_medical_sample, 1643, -0.029251
train_medical_sample, 2025, -0.029299
train_medical_sample, 1232, -0.0293
train_medical_sample, 1845, -0.029344
train_medical_sample, 1579, -0.029351
train_medical_sample, 235, -0.029359
train_medical_sample, 2018, -0.02937
train_medical_sample, 1380, -0.029385
train_medical_sample, 1386, -0.029388
train_medical_sample, 383, -0.029399
train_medical_sample, 998, -0.029399
train_medical_sample, 1881, -0.0294
train_medical_sample, 553, -0.029426
train_medical_sample, 1097, -0.029431
train_medical_sample, 1390, -0.029446
train_medical_sample, 1877, -0.02947
train_medical_sample, 875, -0.029492
train_medical_sample, 1370, -0.029502
train_medical_sample, 406, -0.029508
train_medical_sample, 1874, -0.029513
train_medical_sample, 407, -0.029522
train_medical_sample, 1457, -0.029525
train_medical_sample, 650, -0.029544
train_medical_sample, 1276, -0.029557
train_medical_sample, 1926, -0.029589
train_medical_sample, 2005, -0.029589
train_medical_sample, 349, -0.02959
train_medical_sample, 1176, -0.029607
train_medical_sample, 1168, -0.029609
train_medical_sample, 688, -0.02961
train_medical_sample, 1162, -0.029643
train_medical_sample, 107, -0.029666
train_medical_sample, 1361, -0.029672
train_medical_sample, 816, -0.029713
train_medical_sample, 138, -0.029732
train_medical_sample, 1360, -0.029733
train_medical_sample, 1627, -0.029736
train_medical_sample, 646, -0.029737
train_medical_sample, 785, -0.029744
train_medical_sample, 927, -0.029754
train_medical_sample, 960, -0.029754
train_medical_sample, 1182, -0.029773
train_medical_sample, 461, -0.029834
train_medical_sample, 1509, -0.029841
train_medical_sample, 283, -0.029856
train_medical_sample, 130, -0.029902
train_medical_sample, 1128, -0.029919
train_medical_sample, 2043, -0.029924
train_medical_sample, 1911, -0.029936
train_medical_sample, 1629, -0.029939
train_medical_sample, 2020, -0.029957
train_medical_sample, 70, -0.030007
train_medical_sample, 946, -0.030029
train_medical_sample, 1236, -0.030037
train_medical_sample, 453, -0.030066
train_medical_sample, 1785, -0.030071
train_medical_sample, 1542, -0.030078
train_medical_sample, 1112, -0.030083
train_medical_sample, 1947, -0.030087
train_medical_sample, 329, -0.030093
train_medical_sample, 2034, -0.030097
train_medical_sample, 868, -0.030112
train_medical_sample, 1799, -0.030113
train_medical_sample, 1637, -0.030123
train_medical_sample, 1829, -0.030128
train_medical_sample, 475, -0.03017
train_medical_sample, 754, -0.030175
train_medical_sample, 1000, -0.030195
train_medical_sample, 715, -0.030211
train_medical_sample, 587, -0.030212
train_medical_sample, 929, -0.030214
train_medical_sample, 1175, -0.030223
train_medical_sample, 1477, -0.030233
train_medical_sample, 874, -0.030236
train_medical_sample, 512, -0.030247
train_medical_sample, 1476, -0.030247
train_medical_sample, 129, -0.03028
train_medical_sample, 1948, -0.030292
train_medical_sample, 437, -0.030295
train_medical_sample, 1305, -0.030303
train_medical_sample, 1009, -0.030309
train_medical_sample, 1923, -0.030315
train_medical_sample, 1408, -0.030353
train_medical_sample, 1049, -0.030376
train_medical_sample, 169, -0.030381
train_medical_sample, 1420, -0.030423
train_medical_sample, 432, -0.030467
train_medical_sample, 1284, -0.030477
train_medical_sample, 1568, -0.03049
train_medical_sample, 603, -0.030491
train_medical_sample, 2035, -0.030534
train_medical_sample, 326, -0.030575
train_medical_sample, 589, -0.030621
train_medical_sample, 112, -0.030637
train_medical_sample, 1669, -0.030642
train_medical_sample, 1444, -0.030664
train_medical_sample, 1454, -0.030671
train_medical_sample, 1263, -0.030671
train_medical_sample, 1699, -0.030677
train_medical_sample, 492, -0.030686
train_medical_sample, 1648, -0.030687
train_medical_sample, 1340, -0.0307
train_medical_sample, 1167, -0.030714
train_medical_sample, 1618, -0.030733
train_medical_sample, 794, -0.030755
train_medical_sample, 474, -0.030794
train_medical_sample, 1147, -0.030797
train_medical_sample, 1756, -0.030864
train_medical_sample, 725, -0.030873
train_medical_sample, 370, -0.030906
train_medical_sample, 985, -0.030929
train_medical_sample, 1864, -0.030938
train_medical_sample, 751, -0.030939
train_medical_sample, 1052, -0.030954
train_medical_sample, 1528, -0.030957
train_medical_sample, 1562, -0.030965
train_medical_sample, 90, -0.030969
train_medical_sample, 395, -0.030982
train_medical_sample, 227, -0.031035
train_medical_sample, 843, -0.031058
train_medical_sample, 1859, -0.03106
train_medical_sample, 545, -0.031062
train_medical_sample, 714, -0.031068
train_medical_sample, 1252, -0.031102
train_medical_sample, 513, -0.031114
train_medical_sample, 1749, -0.031122
train_medical_sample, 563, -0.031149
train_medical_sample, 1230, -0.031163
train_medical_sample, 186, -0.031176
train_medical_sample, 1224, -0.031178
train_medical_sample, 975, -0.031208
train_medical_sample, 541, -0.031214
train_medical_sample, 2027, -0.031247
train_medical_sample, 1502, -0.03125
train_medical_sample, 1041, -0.03126
train_medical_sample, 1607, -0.031266
train_medical_sample, 1928, -0.031273
train_medical_sample, 245, -0.031273
train_medical_sample, 1183, -0.031276
train_medical_sample, 239, -0.031318
train_medical_sample, 1703, -0.03137
train_medical_sample, 478, -0.031372
train_medical_sample, 499, -0.0314
train_medical_sample, 1975, -0.031426
train_medical_sample, 1819, -0.031436
train_medical_sample, 1660, -0.031443
train_medical_sample, 1986, -0.031462
train_medical_sample, 1914, -0.031488
train_medical_sample, 280, -0.031509
train_medical_sample, 468, -0.031536
train_medical_sample, 49, -0.031545
train_medical_sample, 111, -0.031547
train_medical_sample, 804, -0.031562
train_medical_sample, 935, -0.031584
train_medical_sample, 1251, -0.031584
train_medical_sample, 1624, -0.031591
train_medical_sample, 966, -0.031592
train_medical_sample, 1713, -0.031596
train_medical_sample, 888, -0.0316
train_medical_sample, 1748, -0.031651
train_medical_sample, 1136, -0.031654
train_medical_sample, 1357, -0.031657
train_medical_sample, 730, -0.031678
train_medical_sample, 684, -0.03168
train_medical_sample, 1844, -0.03168
train_medical_sample, 1771, -0.031728
train_medical_sample, 923, -0.031755
train_medical_sample, 1222, -0.031794
train_medical_sample, 465, -0.031829
train_medical_sample, 1379, -0.031865
train_medical_sample, 1399, -0.031887
train_medical_sample, 829, -0.031897
train_medical_sample, 1603, -0.031927
train_medical_sample, 1015, -0.031938
train_medical_sample, 1750, -0.031954
train_medical_sample, 371, -0.031973
train_medical_sample, 1191, -0.031977
train_medical_sample, 124, -0.03198
train_medical_sample, 1807, -0.031985
train_medical_sample, 1733, -0.031986
train_medical_sample, 1135, -0.031992
train_medical_sample, 1392, -0.031993
train_medical_sample, 502, -0.032004
train_medical_sample, 582, -0.032012
train_medical_sample, 1600, -0.032091
train_medical_sample, 1362, -0.032128
train_medical_sample, 1805, -0.032153
train_medical_sample, 1895, -0.032156
train_medical_sample, 1920, -0.032165
train_medical_sample, 1592, -0.032176
train_medical_sample, 1440, -0.032183
train_medical_sample, 361, -0.032183
train_medical_sample, 1213, -0.032203
train_medical_sample, 145, -0.032274
train_medical_sample, 1410, -0.032332
train_medical_sample, 834, -0.032337
train_medical_sample, 1611, -0.03235
train_medical_sample, 797, -0.032352
train_medical_sample, 1732, -0.032372
train_medical_sample, 180, -0.032389
train_medical_sample, 912, -0.032444
train_medical_sample, 722, -0.032454
train_medical_sample, 1226, -0.032477
train_medical_sample, 885, -0.032503
train_medical_sample, 1487, -0.032541
train_medical_sample, 634, -0.0326
train_medical_sample, 1664, -0.0326
train_medical_sample, 683, -0.032606
train_medical_sample, 802, -0.032618
train_medical_sample, 2009, -0.032642
train_medical_sample, 926, -0.032663
train_medical_sample, 1438, -0.032668
train_medical_sample, 622, -0.032673
train_medical_sample, 150, -0.032678
train_medical_sample, 433, -0.032702
train_medical_sample, 125, -0.032738
train_medical_sample, 1577, -0.032743
train_medical_sample, 720, -0.032817
train_medical_sample, 2048, -0.032822
train_medical_sample, 2000, -0.032864
train_medical_sample, 1951, -0.032916
train_medical_sample, 1514, -0.032965
train_medical_sample, 1962, -0.033026
train_medical_sample, 1663, -0.033035
train_medical_sample, 286, -0.03306
train_medical_sample, 894, -0.033075
train_medical_sample, 1761, -0.033091
train_medical_sample, 48, -0.033109
train_medical_sample, 1601, -0.033128
train_medical_sample, 2004, -0.033133
train_medical_sample, 1532, -0.033143
train_medical_sample, 82, -0.033176
train_medical_sample, 1584, -0.033265
train_medical_sample, 642, -0.033273
train_medical_sample, 565, -0.033292
train_medical_sample, 2058, -0.033308
train_medical_sample, 547, -0.033376
train_medical_sample, 899, -0.033415
train_medical_sample, 660, -0.033473
train_medical_sample, 1105, -0.033507
train_medical_sample, 486, -0.03354
train_medical_sample, 1240, -0.033627
train_medical_sample, 33, -0.03363
train_medical_sample, 1050, -0.033674
train_medical_sample, 1950, -0.03368
train_medical_sample, 1872, -0.033686
train_medical_sample, 1688, -0.033707
train_medical_sample, 1443, -0.033714
train_medical_sample, 1401, -0.033754
train_medical_sample, 953, -0.033759
train_medical_sample, 1617, -0.03376
train_medical_sample, 999, -0.03381
train_medical_sample, 1212, -0.033862
train_medical_sample, 1537, -0.033876
train_medical_sample, 1661, -0.033947
train_medical_sample, 491, -0.034099
train_medical_sample, 1846, -0.034106
train_medical_sample, 1701, -0.034149
train_medical_sample, 1199, -0.034167
train_medical_sample, 1670, -0.034169
train_medical_sample, 1614, -0.034212
train_medical_sample, 1011, -0.034223
train_medical_sample, 544, -0.034283
train_medical_sample, 528, -0.034292
train_medical_sample, 2061, -0.0343
train_medical_sample, 1423, -0.034318
train_medical_sample, 1114, -0.034329
train_medical_sample, 1274, -0.034341
train_medical_sample, 1269, -0.034348
train_medical_sample, 1257, -0.034348
train_medical_sample, 737, -0.034384
train_medical_sample, 1123, -0.034387
train_medical_sample, 182, -0.034393
train_medical_sample, 455, -0.034433
train_medical_sample, 833, -0.034506
train_medical_sample, 842, -0.03451
train_medical_sample, 530, -0.034565
train_medical_sample, 1808, -0.034577
train_medical_sample, 1044, -0.034762
train_medical_sample, 278, -0.034792
train_medical_sample, 1273, -0.03485
train_medical_sample, 1297, -0.034988
train_medical_sample, 1792, -0.035007
train_medical_sample, 317, -0.035026
train_medical_sample, 525, -0.035043
train_medical_sample, 1277, -0.035095
train_medical_sample, 1225, -0.035104
train_medical_sample, 1152, -0.035143
train_medical_sample, 69, -0.035147
train_medical_sample, 835, -0.035195
train_medical_sample, 614, -0.03524
train_medical_sample, 1279, -0.035255
train_medical_sample, 436, -0.035354
train_medical_sample, 1597, -0.035482
train_medical_sample, 1746, -0.035492
train_medical_sample, 484, -0.035506
train_medical_sample, 1573, -0.035527
train_medical_sample, 1312, -0.035545
train_medical_sample, 1529, -0.035582
train_medical_sample, 1190, -0.035618
train_medical_sample, 1564, -0.035716
train_medical_sample, 1228, -0.035757
train_medical_sample, 369, -0.035835
train_medical_sample, 1245, -0.035892
train_medical_sample, 1889, -0.035916
train_medical_sample, 592, -0.035917
train_medical_sample, 391, -0.035967
train_medical_sample, 1867, -0.035974
train_medical_sample, 1413, -0.035997
train_medical_sample, 593, -0.035999
train_medical_sample, 1875, -0.036062
train_medical_sample, 1024, -0.036164
train_medical_sample, 135, -0.036173
train_medical_sample, 811, -0.036183
train_medical_sample, 1207, -0.036208
train_medical_sample, 1999, -0.036211
train_medical_sample, 639, -0.036268
train_medical_sample, 316, -0.036285
train_medical_sample, 1894, -0.036308
train_medical_sample, 537, -0.036342
train_medical_sample, 1695, -0.036413
train_medical_sample, 108, -0.036428
train_medical_sample, 1915, -0.036478
train_medical_sample, 399, -0.036494
train_medical_sample, 1250, -0.036518
train_medical_sample, 254, -0.03655
train_medical_sample, 1033, -0.03659
train_medical_sample, 520, -0.036607
train_medical_sample, 892, -0.03661
train_medical_sample, 555, -0.036642
train_medical_sample, 1431, -0.036692
train_medical_sample, 1350, -0.036698
train_medical_sample, 1588, -0.036821
train_medical_sample, 676, -0.03683
train_medical_sample, 877, -0.036961
train_medical_sample, 1683, -0.036984
train_medical_sample, 1834, -0.036993
train_medical_sample, 507, -0.037061
train_medical_sample, 764, -0.037125
train_medical_sample, 1094, -0.037186
train_medical_sample, 1166, -0.037302
train_medical_sample, 459, -0.037352
train_medical_sample, 1193, -0.037356
train_medical_sample, 1418, -0.037421
train_medical_sample, 1314, -0.037519
train_medical_sample, 1472, -0.037584
train_medical_sample, 330, -0.037637
train_medical_sample, 523, -0.037645
train_medical_sample, 873, -0.03766
train_medical_sample, 1737, -0.037813
train_medical_sample, 1098, -0.03788
train_medical_sample, 606, -0.037923
train_medical_sample, 168, -0.037973
train_medical_sample, 1583, -0.038092
train_medical_sample, 1406, -0.038105
train_medical_sample, 1714, -0.038225
train_medical_sample, 1724, -0.038264
train_medical_sample, 783, -0.038289
train_medical_sample, 1290, -0.038378
train_medical_sample, 1689, -0.038404
train_medical_sample, 763, -0.038455
train_medical_sample, 1281, -0.038668
train_medical_sample, 241, -0.038685
train_medical_sample, 872, -0.038832
train_medical_sample, 43, -0.038905
train_medical_sample, 1744, -0.038906
train_medical_sample, 1892, -0.038931
train_medical_sample, 1102, -0.039021
train_medical_sample, 315, -0.039065
train_medical_sample, 1652, -0.039074
train_medical_sample, 1632, -0.039107
train_medical_sample, 612, -0.039111
train_medical_sample, 1684, -0.039244
train_medical_sample, 1231, -0.039404
train_medical_sample, 1830, -0.039475
train_medical_sample, 954, -0.039493
train_medical_sample, 567, -0.039629
train_medical_sample, 1414, -0.039694
train_medical_sample, 818, -0.039703
train_medical_sample, 965, -0.039898
train_medical_sample, 1359, -0.039977
train_medical_sample, 1320, -0.040072
train_medical_sample, 1442, -0.040073
train_medical_sample, 1389, -0.04015
train_medical_sample, 1878, -0.040407
train_medical_sample, 936, -0.040454
train_medical_sample, 1657, -0.04046
train_medical_sample, 906, -0.040618
train_medical_sample, 584, -0.041412
train_medical_sample, 1395, -0.041475
train_medical_sample, 908, -0.04159
train_medical_sample, 247, -0.041884
train_medical_sample, 1861, -0.042889
train_medical_sample, 1768, -0.045545
train_medical_sample, 896, -0.046159
